Nome, Numero de telefone, Email
Abagael, 9912467124, abagael@gmail.com
Anneliese, 9120230121, anneliese@gmail.com
Faustine, 9177664652, faustine@gmail.com
Happy, 9912668780, happy@gmail.com
Josy, 9120468700, josy@gmail.com
Camilla, 9194852620, camilla@gmail.com
Atlanta, 9199834000, atlanta@gmail.com
Adelind, 9153777341, adelind@gmail.com
Nat, 9101629010, nat@gmail.com
Nancy, 9190060741, nancy@gmail.com
Ros, 9913261510, ros@gmail.com
Diamond, 9120479845, diamond@gmail.com
Chelsae, 9162910041, chelsae@gmail.com
Minny, 9106999795, minny@gmail.com
Emilia, 9192969160, emilia@gmail.com
Cordey, 9199353500, cordey@gmail.com
Coriss, 9911011863, coriss@gmail.com
Sibbie, 9912854723, sibbie@gmail.com
Tomiko, 9129440958, tomiko@gmail.com
Loralyn, 9195524783, loralyn@gmail.com
Lorry, 9120133105, lorry@gmail.com
Belia, 9194026746, belia@gmail.com
Ambrosia, 9921119312, ambrosia@gmail.com
Rebe, 9166157835, rebe@gmail.com
Tybie, 9901515909, tybie@gmail.com
Kris, 9129322151, kris@gmail.com
Sonnnie, 9129094586, sonnnie@gmail.com
Dorene, 9917905690, dorene@gmail.com
Ester, 9164064065, ester@gmail.com
Pat, 9115725657, pat@gmail.com
Gillian, 9926162643, gillian@gmail.com
Corrina, 9195016691, corrina@gmail.com
Michaelina, 9102089683, michaelina@gmail.com
Karlotte, 9906100084, karlotte@gmail.com
Andra, 9193148841, andra@gmail.com
Adi, 9120212810, adi@gmail.com
Angelia, 9912414643, angelia@gmail.com
Teddie, 9109099943, teddie@gmail.com
Arabelle, 9194490686, arabelle@gmail.com
Camella, 9173417875, camella@gmail.com
Vi, 9912463854, vi@gmail.com
Dolley, 9168937337, dolley@gmail.com
Dorice, 9190919523, dorice@gmail.com
Carlotta, 9120161041, carlotta@gmail.com
Cookie, 9129510208, cookie@gmail.com
Jobye, 9160436116, jobye@gmail.com
Mab, 9928885519, mab@gmail.com
Ginny, 9169052728, ginny@gmail.com
Vivian, 9924030085, vivian@gmail.com
Helise, 9175343663, helise@gmail.com
Stephie, 9906581458, stephie@gmail.com
Tove, 9104016268, tove@gmail.com
Barry, 9171409649, barry@gmail.com
Marinna, 9163517019, marinna@gmail.com
Eirena, 9153416941, eirena@gmail.com
Nydia, 9108858819, nydia@gmail.com
Illa, 9912641761, illa@gmail.com
Tiena, 9196214931, tiena@gmail.com
Mirilla, 9199197041, mirilla@gmail.com
Cathie, 9163816546, cathie@gmail.com
Jehanna, 9163916451, jehanna@gmail.com
Vannie, 9120644769, vannie@gmail.com
Tuesday, 9195875600, tuesday@gmail.com
Benedikta, 9120439290, benedikta@gmail.com
Brianne, 9909039015, brianne@gmail.com
Delly, 9105889981, delly@gmail.com
Harmonia, 9121387817, harmonia@gmail.com
Belvia, 9106999634, belvia@gmail.com
Christian, 9177201364, christian@gmail.com
Tera, 9912462481, tera@gmail.com
Lelah, 9152723031, lelah@gmail.com
Roseline, 9166306212, roseline@gmail.com
Virgie, 9939600595, virgie@gmail.com
Arline, 9911166649, arline@gmail.com
Malina, 9133957871, malina@gmail.com
Aamir, 9190704194, aamir@gmail.com
Albert, 9912417174, albert@gmail.com
Erl, 9165081312, erl@gmail.com
Lazaro, 9128057873, lazaro@gmail.com
Claudio, 9194872048, claudio@gmail.com
Yance, 9121050044, yance@gmail.com
Reinhold, 9903957095, reinhold@gmail.com
Hans-Peter, 9106008200, hans-peter@gmail.com
Inglebert, 9153474796, inglebert@gmail.com
Fonzie, 9166129688, fonzie@gmail.com
Mike, 9121029006, mike@gmail.com
Skippie, 9127523149, skippie@gmail.com
Sigfried, 9125002358, sigfried@gmail.com
Higgins, 9132078266, higgins@gmail.com
Kraig, 9912417579, kraig@gmail.com
Maddie, 9904491362, maddie@gmail.com
Jens, 9129054270, jens@gmail.com
Ashby, 9128090140, ashby@gmail.com
Leslie, 9192145928, leslie@gmail.com
Vincents, 9915366670, vincents@gmail.com
Clinten, 9915300870, clinten@gmail.com
Paton, 9912102692, paton@gmail.com
Neddie, 9129096409, neddie@gmail.com
Hyman, 9127293012, hyman@gmail.com
Nathanil, 9146800068, nathanil@gmail.com
Haywood, 9932020465, haywood@gmail.com
Chelton, 9193784946, chelton@gmail.com
Blake, 9912896775, blake@gmail.com
Cornelius, 9109067675, cornelius@gmail.com
Constantinos, 9173783403, constantinos@gmail.com
Oran, 9120998913, oran@gmail.com
Ike, 9126000961, ike@gmail.com
Layton, 9192369304, layton@gmail.com
Socrates, 9196042483, socrates@gmail.com
Chariot, 9199170858, chariot@gmail.com
Zed, 9111938196, zed@gmail.com
Colbert, 9162362827, colbert@gmail.com
Rollin, 9901518814, rollin@gmail.com
Berkley, 9913115811, berkley@gmail.com
Kermit, 9195122707, kermit@gmail.com
Brad, 9111934021, brad@gmail.com
Tobie, 9918214749, tobie@gmail.com
Ivor, 9906222300, ivor@gmail.com
Salvatore, 9190300629, salvatore@gmail.com
Louie, 9913762009, louie@gmail.com
Clifford, 9199088523, clifford@gmail.com
Luce, 9199173903, luce@gmail.com
Mohamed, 9911333362, mohamed@gmail.com
Matt, 9194146198, matt@gmail.com
Reynard, 9904391366, reynard@gmail.com
Jonathan, 9126761538, jonathan@gmail.com
Fabio, 9163986325, fabio@gmail.com
Uli, 9199561783, uli@gmail.com
Chandler, 9917171354, chandler@gmail.com
Shanan, 9912789313, shanan@gmail.com
Osborne, 9124454714, osborne@gmail.com
Dion, 9124116734, dion@gmail.com
Neville, 9108859060, neville@gmail.com
Pip, 9192622961, pip@gmail.com
Samson, 9113686528, samson@gmail.com
Westleigh, 9901212235, westleigh@gmail.com
Luis, 9135479876, luis@gmail.com
Barton, 9901817479, barton@gmail.com
Erich, 9913507005, erich@gmail.com
Micah, 9101979824, micah@gmail.com
Llewellyn, 9121384560, llewellyn@gmail.com
Guthry, 9102788245, guthry@gmail.com
Alex, 9194069473, alex@gmail.com
Wally, 9199176953, wally@gmail.com
Neel, 9193786268, neel@gmail.com
Judith, 9120123459, judith@gmail.com
Guillaume, 9120168791, guillaume@gmail.com
Wilson, 9918303008, wilson@gmail.com
Hasheem, 9160454030, hasheem@gmail.com
Noland, 9193984873, noland@gmail.com